,CODE_COMMUNE,LIBL_COMMUNE,NOM_EPCI,NOM_CANTON,TOTAL,TOTAL_FEM,TOTAL_HOM,TOTAL_M75A,TOTAL_7584A,TOTAL_P85A,TOTAL_DOM,TOTAL_ETA,ANNEE_REF,CODE_CANTON
1,63129,CROS,Dômes Sancy Artense,Le Sancy,7,0,0,0,0,0,0,0,2016,0
2,63130,LA CROUZILLE,Pays de Saint-Eloy,Saint-Eloy-Les-Mines,14,9,0,0,0,8,0,0,2016,0
3,63131,CULHAT,Entre Dore et Allier,Lezoux,22,17,0,0,6,16,0,0,2016,0
4,63132,CUNLHAT,Ambert Livradois Forez,Les Monts du Livradois,32,21,11,6,9,17,0,0,2016,0
5,63133,DALLET,Billom Communauté,Pont-du-Château,18,15,0,0,6,10,0,0,2016,0
6,63134,DAUZAT-SUR-VODABLE,Agglo Pays d'Issoire,Brassac-les-Mines,0,0,0,0,0,0,0,0,2016,0
7,63135,DAVAYAT,Combrailles Sioule et Morge,Saint-Georges de Mons,8,0,0,0,0,6,0,0,2016,0
8,63136,DOMAIZE,Ambert Livradois Forez,Les Monts du Livradois,0,0,0,0,0,0,0,0,2016,0
9,63137,DORANGES,Ambert Livradois Forez,Ambert,13,8,0,0,6,6,0,0,2016,0
10,63138,DORAT,Thiers Dore et Montagne,Thiers,15,11,0,0,0,8,0,0,2016,0
11,63139,DORE-L'EGLISE,Ambert Livradois Forez,Ambert,16,14,0,0,0,7,0,0,2016,0
12,63140,DURMIGNAT,Pays de Saint-Eloy,Saint-Eloy-Les-Mines,0,0,0,0,0,0,0,0,2016,0
13,63141,DURTOL,Clermont Auvergne Métropole,Cébazat,32,28,0,0,6,25,0,0,2016,0
14,63142,ECHANDELYS,Ambert Livradois Forez,Les Monts du Livradois,12,11,0,0,0,6,0,0,2016,0
15,63143,EFFIAT,Plaine Limagne,Aigueperse,18,13,0,0,6,11,0,0,2016,0
16,63144,EGLISENEUVE-D'ENTRAIGUES,Massif du Sancy,Le Sancy,28,22,6,0,7,20,0,0,2016,0
17,63145,EGLISENEUVE-DES-LIARDS,Agglo Pays d'Issoire,Brassac-les-Mines,7,6,0,0,0,0,0,0,2016,0
18,63146,EGLISENEUVE-PRES-BILLOM,Billom Communauté,Billom,17,14,0,0,0,11,0,0,2016,0
19,63147,EGLISOLLES,Ambert Livradois Forez,Ambert,10,6,0,0,0,0,0,0,2016,0
20,63148,ENNEZAT,Riom Limagne et Volcans,Aigueperse,26,19,7,0,0,19,0,0,2016,0
21,63149,ENTRAIGUES,Riom Limagne et Volcans,Aigueperse,9,8,0,0,0,9,0,0,2016,0
22,63150,ENVAL,Riom Limagne et Volcans,Châtelguyon,14,8,6,0,0,7,0,0,2016,0
23,63151,ESCOUTOUX,Thiers Dore et Montagne,Thiers,33,26,7,0,7,21,0,0,2016,0
24,63152,ESPINASSE,Pays de Saint-Eloy,Saint-Eloy-Les-Mines,9,0,0,0,0,0,0,0,2016,0
25,63153,ESPINCHAL,Massif du Sancy,Le Sancy,0,0,0,0,0,0,0,0,2016,0
26,63154,ESPIRAT,Billom Communauté,Billom,8,0,0,0,0,6,0,0,2016,0
27,63155,ESTANDEUIL,Billom Communauté,Billom,0,0,0,0,0,0,0,0,2016,0
28,63156,ESTEIL,Agglo Pays d'Issoire,Brassac-les-Mines,0,0,0,0,0,0,0,0,2016,0
29,63157,FAYET-LE-CHATEAU,Billom Communauté,Billom,7,0,0,0,0,0,0,0,2016,0
30,63158,FAYET-RONAYE,Ambert Livradois Forez,Les Monts du Livradois,0,0,0,0,0,0,0,0,2016,0
31,63159,FERNOEL,Chavanon Combrailles et Volcans,Saint-Ours,10,8,0,0,6,0,0,0,2016,0
32,63160,AULHAT-FLAT,Agglo Pays d'Issoire,Issoire,8,0,0,0,0,0,0,0,2016,0
33,63161,LA FORIE,Ambert Livradois Forez,Ambert,11,7,0,0,0,7,0,0,2016,0
34,63162,FOURNOLS,Ambert Livradois Forez,Les Monts du Livradois,15,9,6,0,0,7,0,0,2016,0
35,63163,GELLES,Dômes Sancy Artense,Orcines,33,22,11,0,13,16,0,0,2016,0
36,63164,GERZAT,Clermont Auvergne Métropole,Gerzat,154,109,45,23,40,91,0,0,2016,0
37,63165,GIAT,Chavanon Combrailles et Volcans,Saint-Ours,38,30,8,6,7,25,0,0,2016,0
38,63166,GIGNAT,Agglo Pays d'Issoire,Brassac-les-Mines,7,0,0,0,0,6,0,0,2016,0
39,63167,GIMEAUX,Combrailles Sioule et Morge,Saint-Georges de Mons,7,0,0,0,0,0,0,0,2016,0
40,63168,GLAINE-MONTAIGUT,Billom Communauté,Billom,6,0,0,0,0,0,0,0,2016,0
41,63169,LA GODIVELLE,Massif du Sancy,Brassac-les-Mines,0,0,0,0,0,0,0,0,2016,0
42,63170,LA GOUTELLE,Chavanon Combrailles et Volcans,Saint-Ours,20,13,7,0,8,12,0,0,2016,0
43,63171,GOUTTIERES,Pays de Saint-Eloy,Saint-Eloy-Les-Mines,7,7,0,0,0,0,0,0,2016,0
44,63172,GRANDEYROLLES,Agglo Pays d'Issoire,Le Sancy,0,0,0,0,0,0,0,0,2016,0
45,63173,GRANDRIF,Ambert Livradois Forez,Ambert,6,0,0,0,0,0,0,0,2016,0
46,63174,GRANDVAL,Ambert Livradois Forez,Les Monts du Livradois,0,0,0,0,0,0,0,0,2016,0
47,63175,HERMENT,Chavanon Combrailles et Volcans,Saint-Ours,15,9,6,0,6,9,0,0,2016,0
48,63176,HEUME-L'EGLISE,Dômes Sancy Artense,Orcines,0,0,0,0,0,0,0,0,2016,0
49,63177,ISSERTEAUX,Billom Communauté,Billom,12,9,0,0,0,8,0,0,2016,0
50,63178,ISSOIRE,Agglo Pays d'Issoire,Issoire,389,294,95,54,101,234,0,0,2016,0
51,63179,JOB,Ambert Livradois Forez,Ambert,24,14,10,0,0,20,0,0,2016,0
52,63180,JOZE,Entre Dore et Allier,Lezoux,19,17,0,0,6,12,0,0,2016,0
53,63181,JOSERAND,Combrailles Sioule et Morge,Saint-Georges de Mons,8,0,0,0,0,7,0,0,2016,0
54,63182,JUMEAUX,Agglo Pays d'Issoire,Brassac-les-Mines,30,20,10,0,7,20,0,0,2016,0
55,63183,LABESSETTE,Dômes Sancy Artense,Le Sancy,0,0,0,0,0,0,0,0,2016,0
56,63184,LACHAUX,Thiers Dore et Montagne,Maringues,10,0,0,0,0,6,0,0,2016,0
57,63185,LAMONTGIE,Agglo Pays d'Issoire,Brassac-les-Mines,12,10,0,0,0,8,0,0,2016,0
58,63186,LANDOGNE,Chavanon Combrailles et Volcans,Saint-Ours,10,7,0,0,0,0,0,0,2016,0
59,63187,LAPEYROUSE,Pays de Saint-Eloy,Saint-Eloy-Les-Mines,20,15,0,0,0,13,0,0,2016,0
60,63188,LAPS,Mond'Arverne Communauté,Vic-le-Comte,10,6,0,0,0,8,0,0,2016,0
61,63189,LAQUEUILLE,Dômes Sancy Artense,Orcines,0,0,0,0,0,0,0,0,2016,0
62,63190,LARODDE,Dômes Sancy Artense,Le Sancy,19,14,0,0,6,13,0,0,2016,0
63,63191,LASTIC,Chavanon Combrailles et Volcans,Saint-Ours,8,6,0,0,0,0,0,0,2016,0
64,63192,LA TOUR-D'AUVERGNE,Dômes Sancy Artense,Le Sancy,19,14,0,0,6,13,0,0,2016,0
65,63193,LEMPDES,Clermont Auvergne Métropole,Pont-du-Château,153,109,44,16,40,97,0,0,2016,0
66,63194,LEMPTY,Entre Dore et Allier,Lezoux,6,0,0,0,0,0,0,0,2016,0
67,63195,LEZOUX,Entre Dore et Allier,Lezoux,149,113,36,13,31,105,0,0,2016,0
68,63196,LIMONS,Plaine Limagne,Maringues,23,20,0,0,7,12,0,0,2016,0
69,63197,LISSEUIL,Combrailles Sioule et Morge,Saint-Georges de Mons,0,0,0,0,0,0,0,0,2016,0
70,63198,LOUBEYRAT,Combrailles Sioule et Morge,Saint-Georges de Mons,15,10,0,0,8,7,0,0,2016,0
71,63199,LUDESSE,Agglo Pays d'Issoire,Le Sancy,14,9,0,0,0,11,0,0,2016,0
72,63200,LUSSAT,Riom Limagne et Volcans,Aigueperse,20,15,0,0,0,12,0,0,2016,0
73,63201,LUZILLAT,Plaine Limagne,Maringues,20,12,8,0,0,13,0,0,2016,0
74,63202,MADRIAT,Agglo Pays d'Issoire,Brassac-les-Mines,0,0,0,0,0,0,0,0,2016,0
75,63203,MALAUZAT,Riom Limagne et Volcans,Châtelguyon,10,6,0,0,0,6,0,0,2016,0
76,63204,MALINTRAT,Riom Limagne et Volcans,Gerzat,17,11,6,0,6,11,0,0,2016,0
77,63205,MANGLIEU,Mond'Arverne Communauté,Vic-le-Comte,11,7,0,0,0,8,0,0,2016,0
78,63206,MANZAT,Combrailles Sioule et Morge,Saint-Georges de Mons,29,25,0,0,8,19,0,0,2016,0
79,63207,MARAT,Ambert Livradois Forez,Les Monts du Livradois,37,22,15,0,10,24,0,0,2016,0
80,63208,MARCILLAT,Combrailles Sioule et Morge,Saint-Georges de Mons,7,0,0,0,0,0,0,0,2016,0
81,63209,MAREUGHEOL,Agglo Pays d'Issoire,Brassac-les-Mines,0,0,0,0,0,0,0,0,2016,0
82,63210,MARINGUES,Plaine Limagne,Maringues,61,44,17,11,11,39,0,0,2016,0
83,63211,MARSAC-EN-LIVRADOIS,Ambert Livradois Forez,Ambert,60,41,19,8,14,38,0,0,2016,0
84,63212,MARSAT,Riom Limagne et Volcans,Châtelguyon,16,13,0,0,0,13,0,0,2016,0
85,63213,LES MARTRES-D'ARTIERE,Riom Limagne et Volcans,Aigueperse,26,15,11,0,12,10,0,0,2016,0
86,63214,LES MARTRES-DE-VEYRE,Mond'Arverne Communauté,Les Martres-de-Veyre,72,52,20,0,19,50,0,0,2016,0
87,63215,MARTRES-SUR-MORGE,Riom Limagne et Volcans,Aigueperse,14,9,0,0,0,8,0,0,2016,0
88,63216,MAUZUN,Billom Communauté,Billom,0,0,0,0,0,0,0,0,2016,0
89,63218,MAYRES,Ambert Livradois Forez,Ambert,12,10,0,0,0,9,0,0,2016,0
90,63219,MAZAYE,Dômes Sancy Artense,Orcines,22,15,7,0,7,12,0,0,2016,0
91,63220,MAZOIRES,Agglo Pays d'Issoire,Brassac-les-Mines,0,0,0,0,0,0,0,0,2016,0
92,63221,MEDEYROLLES,Ambert Livradois Forez,Ambert,6,0,0,0,0,0,0,0,2016,0
93,63222,MEILHAUD,Agglo Pays d'Issoire,Issoire,0,0,0,0,0,0,0,0,2016,0
94,63223,MENAT,Pays de Saint-Eloy,Saint-Eloy-Les-Mines,21,16,0,0,0,15,0,0,2016,0
95,63224,MENETROL,Riom Limagne et Volcans,Châtelguyon,16,12,0,0,0,8,0,0,2016,0
96,63225,MESSEIX,Chavanon Combrailles et Volcans,Saint-Ours,79,61,18,10,14,55,0,0,2016,0
97,63226,MEZEL,Billom Communauté,Billom,32,26,6,0,12,19,0,0,2016,0
98,63227,MIREFLEURS,Mond'Arverne Communauté,Vic-le-Comte,22,18,0,0,8,10,0,0,2016,0
99,63228,MIREMONT,Chavanon Combrailles et Volcans,Saint-Ours,15,8,7,0,0,12,0,0,2016,0
100,63229,MOISSAT,Entre Dore et Allier,Lezoux,21,19,0,0,7,12,0,0,2016,0
101,63230,LE MONESTIER,Ambert Livradois Forez,Les Monts du Livradois,9,0,0,0,0,8,0,0,2016,0
102,63231,LA MONNERIE-LE-MONTEL,Thiers Dore et Montagne,Thiers,56,34,22,7,16,33,0,0,2016,0
103,63232,MONS,Plaine Limagne,Maringues,15,8,7,0,0,11,0,0,2016,0
104,63233,MONTAIGUT,Pays de Saint-Eloy,Saint-Eloy-Les-Mines,26,20,6,0,0,16,0,0,2016,0
105,63234,MONTAIGUT-LE-BLANC,Agglo Pays d'Issoire,Le Sancy,16,11,0,0,0,12,0,0,2016,0
106,63235,MONTCEL,Combrailles Sioule et Morge,Saint-Georges de Mons,6,0,0,0,0,0,0,0,2016,0
107,63236,MONT-DORE,Massif du Sancy,Le Sancy,45,38,7,0,9,32,0,0,2016,0
108,63237,MONTEL-DE-GELAT,Chavanon Combrailles et Volcans,Saint-Ours,20,14,6,0,0,12,0,0,2016,0
109,63238,MONTFERMY,Chavanon Combrailles et Volcans,Saint-Ours,7,7,0,0,0,0,0,0,2016,0
110,63239,MONTMORIN,Billom Communauté,Billom,16,11,0,0,7,6,0,0,2016,0
111,63240,MONTPENSIER,Plaine Limagne,Aigueperse,0,0,0,0,0,0,0,0,2016,0
112,63241,MONTPEYROUX,Agglo Pays d'Issoire,Vic-le-Comte,0,0,0,0,0,0,0,0,2016,0
113,63242,MORIAT,Agglo Pays d'Issoire,Brassac-les-Mines,12,9,0,0,0,9,0,0,2016,0
114,63243,MOUREUILLE,Pays de Saint-Eloy,Saint-Eloy-Les-Mines,9,0,0,0,0,6,0,0,2016,0
115,63244,CHAMBARON SUR MORGE,Riom Limagne et Volcans,Riom,29,21,8,0,11,14,0,0,2016,0
116,63245,MOZAC,Riom Limagne et Volcans,Châtelguyon,65,46,19,0,17,44,0,0,2016,0
117,63246,MURAT-LE-QUAIRE,Massif du Sancy,Le Sancy,0,0,0,0,0,0,0,0,2016,0
118,63247,MUROL,Massif du Sancy,Le Sancy,23,18,0,0,0,17,0,0,2016,0
119,63248,NEBOUZAT,Dômes Sancy Artense,Orcines,23,14,9,0,9,13,0,0,2016,0
120,63249,NERONDE-SUR-DORE,Thiers Dore et Montagne,Les Monts du Livradois,23,17,6,0,0,16,0,0,2016,0
121,63250,NESCHERS,Agglo Pays d'Issoire,Vic-le-Comte,9,6,0,0,0,0,0,0,2016,0
122,63251,NEUF-EGLISE,Pays de Saint-Eloy,Saint-Eloy-Les-Mines,11,9,0,0,0,11,0,0,2016,0
123,63252,NEUVILLE,Billom Communauté,Billom,10,7,0,0,0,8,0,0,2016,0
124,63253,NOALHAT,Thiers Dore et Montagne,Maringues,0,0,0,0,0,0,0,0,2016,0
125,63254,NOHANENT,Clermont Auvergne Métropole,Cébazat,33,24,9,7,10,16,0,0,2016,0
126,63255,NONETTE-ORSONNETTE,Agglo Pays d'Issoire,Brassac-les-Mines,14,12,0,0,0,13,0,0,2016,0
127,63256,NOVACELLES,Ambert Livradois Forez,Ambert,7,7,0,0,0,0,0,0,2016,0
128,63257,OLBY,Dômes Sancy Artense,Orcines,11,8,0,0,0,9,0,0,2016,0
129,63258,OLLIERGUES,Ambert Livradois Forez,Les Monts du Livradois,31,27,0,0,11,19,0,0,2016,0
130,63259,OLLOIX,Mond'Arverne Communauté,Orcines,7,0,0,0,0,0,0,0,2016,0
131,63260,OLMET,Thiers Dore et Montagne,Les Monts du Livradois,0,0,0,0,0,0,0,0,2016,0
132,63261,ORBEIL,Agglo Pays d'Issoire,Issoire,14,9,0,0,6,7,0,0,2016,0
133,63262,ORCET,Mond'Arverne Communauté,Les Martres-de-Veyre,36,30,6,6,10,20,0,0,2016,0
134,63263,ORCINES,Clermont Auvergne Métropole,Orcines,60,43,17,0,10,46,0,0,2016,0
135,63264,ORCIVAL,Dômes Sancy Artense,Orcines,0,0,0,0,0,0,0,0,2016,0
136,63265,ORLEAT,Entre Dore et Allier,Lezoux,34,24,10,0,8,25,0,0,2016,0
137,63267,PALLADUC,Thiers Dore et Montagne,Thiers,15,11,0,0,0,8,0,0,2016,0
138,63268,PARDINES,Agglo Pays d'Issoire,Issoire,0,0,0,0,0,0,0,0,2016,0
139,63269,PARENT,Agglo Pays d'Issoire,Vic-le-Comte,21,18,0,0,6,13,0,0,2016,0
140,63270,PARENTIGNAT,Agglo Pays d'Issoire,Brassac-les-Mines,0,0,0,0,0,0,0,0,2016,0
141,63271,PASLIERES,Thiers Dore et Montagne,Maringues,28,21,7,0,10,16,0,0,2016,0
142,63272,PERIGNAT-LES-SARLIEVE,Clermont Auvergne Métropole,Aubière,41,33,8,0,6,32,0,0,2016,0
143,63273,PERIGNAT-SUR-ALLIER,Billom Communauté,Vic-le-Comte,21,14,7,0,0,15,0,0,2016,0
144,63274,PERPEZAT,Dômes Sancy Artense,Orcines,15,12,0,0,6,6,0,0,2016,0
145,63275,PERRIER,Agglo Pays d'Issoire,Issoire,21,15,6,0,0,17,0,0,2016,0
146,63276,PESCHADOIRES,Entre Dore et Allier,Lezoux,51,40,11,0,12,36,0,0,2016,0
147,63277,PESLIERES,Agglo Pays d'Issoire,Brassac-les-Mines,0,0,0,0,0,0,0,0,2016,0
148,63278,PESSAT-VILLENEUVE,Riom Limagne et Volcans,Riom,0,0,0,0,0,0,0,0,2016,0
149,63279,PICHERANDE,Massif du Sancy,Le Sancy,15,11,0,0,6,9,0,0,2016,0
150,63280,PIGNOLS,Mond'Arverne Communauté,Vic-le-Comte,0,0,0,0,0,0,0,0,2016,0
151,63281,PIONSAT,Pays de Saint-Eloy,Saint-Eloy-Les-Mines,43,29,14,0,14,27,0,0,2016,0
152,63282,PLAUZAT,Agglo Pays d'Issoire,Vic-le-Comte,15,10,0,0,0,10,0,0,2016,0
153,63283,PONTAUMUR,Chavanon Combrailles et Volcans,Saint-Ours,18,15,0,0,0,11,0,0,2016,0
154,63284,PONT-DU-CHATEAU,Clermont Auvergne Métropole,Pont-du-Château,197,152,45,28,49,120,0,0,2016,0
155,63285,PONTGIBAUD,Chavanon Combrailles et Volcans,Saint-Ours,26,21,0,0,9,15,0,0,2016,0
156,63286,POUZOL,Combrailles Sioule et Morge,Saint-Georges de Mons,9,0,6,0,0,0,0,0,2016,0
157,63287,LES PRADEAUX,Agglo Pays d'Issoire,Brassac-les-Mines,8,7,0,0,0,0,0,0,2016,0
158,63288,PROMPSAT,Combrailles Sioule et Morge,Saint-Georges de Mons,8,0,0,0,0,0,0,0,2016,0
159,63289,PRONDINES,Chavanon Combrailles et Volcans,Saint-Ours,9,6,0,0,0,6,0,0,2016,0
160,63290,PULVERIERES,Riom Limagne et Volcans,Saint-Ours,6,0,0,0,0,0,0,0,2016,0
161,63291,PUY-GUILLAUME,Thiers Dore et Montagne,Maringues,96,75,21,11,30,55,0,0,2016,0
162,63292,PUY-SAINT-GULMIER,Chavanon Combrailles et Volcans,Saint-Ours,8,8,0,0,0,0,0,0,2016,0
163,63293,LE QUARTIER,Pays de Saint-Eloy,Saint-Eloy-Les-Mines,11,9,0,0,0,9,0,0,2016,0
164,63294,QUEUILLE,Combrailles Sioule et Morge,Saint-Georges de Mons,0,0,0,0,0,0,0,0,2016,0
165,63295,RANDAN,Plaine Limagne,Maringues,42,30,12,0,15,23,0,0,2016,0
166,63296,RAVEL,Entre Dore et Allier,Lezoux,10,8,0,0,0,8,0,0,2016,0
167,63297,REIGNAT,Billom Communauté,Billom,0,0,0,0,0,0,0,0,2016,0
168,63298,LA RENAUDIE,Thiers Dore et Montagne,Les Monts du Livradois,7,0,0,0,0,0,0,0,2016,0
169,63299,RENTIERES,Agglo Pays d'Issoire,Brassac-les-Mines,0,0,0,0,0,0,0,0,2016,0
170,63300,RIOM,Riom Limagne et Volcans,Riom,379,280,99,40,79,260,0,0,2016,0
171,63301,RIS,Thiers Dore et Montagne,Maringues,26,20,6,0,0,17,0,0,2016,0
172,63302,LA ROCHE-BLANCHE,Mond'Arverne Communauté,Les Martres-de-Veyre,43,29,14,0,19,21,0,0,2016,0
173,63303,ROCHE-CHARLES-LA-MAYRAND,Agglo Pays d'Issoire,Brassac-les-Mines,0,0,0,0,0,0,0,0,2016,0
174,63304,ROCHE-D'AGOUX,Pays de Saint-Eloy,Saint-Eloy-Les-Mines,0,0,0,0,0,0,0,0,2016,0
175,63305,ROCHEFORT-MONTAGNE,Dômes Sancy Artense,Orcines,35,26,9,6,8,21,0,0,2016,0
176,63306,LA ROCHE-NOIRE,Mond'Arverne Communauté,Vic-le-Comte,0,0,0,0,0,0,0,0,2016,0
177,63307,ROMAGNAT,Clermont Auvergne Métropole,Aubière,158,112,46,9,52,97,0,0,2016,0
178,63308,ROYAT,Clermont Auvergne Métropole,Chamalières,85,68,17,11,20,54,0,0,2016,0
179,63309,SAILLANT,Ambert Livradois Forez,Ambert,9,7,0,0,0,6,0,0,2016,0
180,63310,SAINTE-AGATHE,Thiers Dore et Montagne,Thiers,9,0,0,0,0,0,0,0,2016,0
181,63311,SAINT-AGOULIN,Plaine Limagne,Aigueperse,7,0,0,0,0,0,0,0,2016,0
182,63312,SAINT-ALYRE-D'ARLANC,Ambert Livradois Forez,Ambert,15,8,7,0,6,8,0,0,2016,0
183,63313,SAINT-ALYRE-ES-MONTAGNE,Agglo Pays d'Issoire,Brassac-les-Mines,0,0,0,0,0,0,0,0,2016,0
184,63314,SAINT-AMANT-ROCHE-SAVINE,Ambert Livradois Forez,Les Monts du Livradois,18,14,0,0,0,15,0,0,2016,0
185,63315,SAINT-AMANT-TALLENDE,Mond'Arverne Communauté,Les Martres-de-Veyre,37,32,0,0,10,25,0,0,2016,0
186,63317,SAINT-ANDRE-LE-COQ,Plaine Limagne,Maringues,10,6,0,0,0,0,0,0,2016,0
187,63318,SAINT-ANGEL,Combrailles Sioule et Morge,Saint-Georges de Mons,13,9,0,0,0,10,0,0,2016,0
188,63319,SAINT-ANTHEME,Ambert Livradois Forez,Ambert,43,32,11,6,12,25,0,0,2016,0
189,63320,SAINT-AVIT,Chavanon Combrailles et Volcans,Saint-Ours,11,10,0,0,0,7,0,0,2016,0
190,63321,SAINT-BABEL,Agglo Pays d'Issoire,Issoire,20,16,0,0,8,11,0,0,2016,0
191,63322,SAINT-BEAUZIRE,Riom Limagne et Volcans,Gerzat,38,33,0,0,10,26,0,0,2016,0
192,63323,SAINT-BONNET-LE-BOURG,Ambert Livradois Forez,Les Monts du Livradois,0,0,0,0,0,0,0,0,2016,0
193,63324,SAINT-BONNET-LE-CHASTEL,Ambert Livradois Forez,Les Monts du Livradois,15,11,0,0,0,10,0,0,2016,0
194,63325,SAINT-BONNET-LES-ALLIER,Billom Communauté,Billom,0,0,0,0,0,0,0,0,2016,0
195,63326,SAINT-BONNET-PRES-ORCIVAL,Dômes Sancy Artense,Orcines,15,10,0,0,6,7,0,0,2016,0
196,63327,SAINT-BONNET-PRES-RIOM,Riom Limagne et Volcans,Riom,41,27,14,0,14,24,0,0,2016,0
197,63328,SAINTE-CATHERINE,Ambert Livradois Forez,Les Monts du Livradois,0,0,0,0,0,0,0,0,2016,0
198,63329,SAINTE-CHRISTINE,Pays de Saint-Eloy,Saint-Eloy-Les-Mines,0,0,0,0,0,0,0,0,2016,0
199,63330,SAINT-CIRGUES-SUR-COUZE,Agglo Pays d'Issoire,Le Sancy,0,0,0,0,0,0,0,0,2016,0
200,63331,SAINT-CLEMENT-DE-VALORGUE,Ambert Livradois Forez,Ambert,9,6,0,0,0,0,0,0,2016,0
201,63332,SAINT-CLEMENT-DE-REGNAT,Plaine Limagne,Maringues,9,6,0,0,0,7,0,0,2016,0
202,63333,SAINT-DENIS-COMBARNAZAT,Plaine Limagne,Maringues,8,0,0,0,0,0,0,0,2016,0
203,63334,SAINT-DIER-D'AUVERGNE,Billom Communauté,Billom,22,18,0,0,7,14,0,0,2016,0
204,63335,SAINT-DIERY,Massif du Sancy,Le Sancy,16,9,7,0,0,13,0,0,2016,0
205,63336,SAINT-DONAT,Dômes Sancy Artense,Le Sancy,13,10,0,0,0,9,0,0,2016,0
206,63337,SAINT-ELOY-LA-GLACIERE,Ambert Livradois Forez,Les Monts du Livradois,0,0,0,0,0,0,0,0,2016,0
207,63338,SAINT-ELOY-LES-MINES,Pays de Saint-Eloy,Saint-Eloy-Les-Mines,115,93,22,13,28,74,0,0,2016,0
208,63339,SAINT-ETIENNE-DES-CHAMPS,Chavanon Combrailles et Volcans,Saint-Ours,7,0,0,0,0,6,0,0,2016,0
209,63340,SAINT-ETIENNE-SUR-USSON,Agglo Pays d'Issoire,Brassac-les-Mines,6,0,0,0,0,0,0,0,2016,0
210,63341,SAINT-FERREOL-DES-COTES,Ambert Livradois Forez,Ambert,8,0,0,0,0,0,0,0,2016,0
211,63342,SAINT-FLORET,Agglo Pays d'Issoire,Le Sancy,6,0,0,0,0,0,0,0,2016,0
212,63343,SAINT-FLOUR,Thiers Dore et Montagne,Les Monts du Livradois,6,0,0,0,0,0,0,0,2016,0
213,63344,SAINT-GAL-SUR-SIOULE,Combrailles Sioule et Morge,Saint-Georges de Mons,7,0,0,0,0,0,0,0,2016,0
214,63345,SAINT-GENES-CHAMPANELLE,Clermont Auvergne Métropole,Beaumont,52,36,16,0,18,33,0,0,2016,0
215,63346,SAINT-GENES-CHAMPESPE,Massif du Sancy,Le Sancy,16,14,0,0,0,9,0,0,2016,0
216,63347,SAINT-GENES-DU-RETZ,Plaine Limagne,Aigueperse,8,6,0,0,0,0,0,0,2016,0
217,63348,SAINT-GENES-LA-TOURETTE,Agglo Pays d'Issoire,Brassac-les-Mines,0,0,0,0,0,0,0,0,2016,0
218,63349,SAINT-GEORGES-DE-MONS,Combrailles Sioule et Morge,Saint-Georges de Mons,62,41,21,7,18,37,0,0,2016,0
219,63350,SAINT-GEORGES-SUR-ALLIER,Mond'Arverne Communauté,Vic-le-Comte,18,14,0,0,6,11,0,0,2016,0
220,63351,SAINT-GERMAIN-PRES-HERMENT,Chavanon Combrailles et Volcans,Saint-Ours,0,0,0,0,0,0,0,0,2016,0
221,63352,SAINT-GERMAIN-LEMBRON,Agglo Pays d'Issoire,Brassac-les-Mines,55,37,18,0,11,39,0,0,2016,0
222,63353,SAINT-GERMAIN-L'HERM,Ambert Livradois Forez,Les Monts du Livradois,19,13,6,0,7,11,0,0,2016,0
223,63354,SAINT-GERVAIS-D'AUVERGNE,Pays de Saint-Eloy,Saint-Eloy-Les-Mines,38,27,11,0,14,21,0,0,2016,0
224,63355,SAINT-GERVAIS-SOUS-MEYMONT,Ambert Livradois Forez,Les Monts du Livradois,13,10,0,0,0,9,0,0,2016,0
225,63356,SAINT-GERVAZY,Agglo Pays d'Issoire,Brassac-les-Mines,8,8,0,0,0,6,0,0,2016,0
226,63357,SAINT-HERENT,Agglo Pays d'Issoire,Brassac-les-Mines,0,0,0,0,0,0,0,0,2016,0
227,63358,SAINT-HILAIRE-LA-CROIX,Combrailles Sioule et Morge,Saint-Georges de Mons,7,0,0,0,0,0,0,0,2016,0
228,63359,SAINT-HILAIRE-LES-MONGES,Chavanon Combrailles et Volcans,Saint-Ours,0,0,0,0,0,0,0,0,2016,0
229,63360,SAINT-HILAIRE,Pays de Saint-Eloy,Saint-Eloy-Les-Mines,19,14,0,0,7,12,0,0,2016,0
230,63362,SAINT-IGNAT,Riom Limagne et Volcans,Aigueperse,24,17,7,0,12,11,0,0,2016,0
231,63363,SAINT-JACQUES-D'AMBUR,Chavanon Combrailles et Volcans,Saint-Ours,9,0,6,0,0,6,0,0,2016,0
232,63364,SAINT-JEAN-D'HEURS,Entre Dore et Allier,Lezoux,8,0,0,0,0,6,0,0,2016,0
233,63365,SAINT-JEAN-DES-OLLIERES,Billom Communauté,Billom,11,9,0,0,0,8,0,0,2016,0
234,63366,SAINT-JEAN-EN-VAL,Agglo Pays d'Issoire,Brassac-les-Mines,7,0,0,0,0,0,0,0,2016,0
235,63367,SAINT-JEAN-SAINT-GERVAIS,Agglo Pays d'Issoire,Brassac-les-Mines,0,0,0,0,0,0,0,0,2016,0
236,63368,SAINT-JULIEN-DE-COPPEL,Billom Communauté,Billom,17,12,0,0,0,13,0,0,2016,0
237,63369,SAINT-JULIEN-LA-GENESTE,Pays de Saint-Eloy,Saint-Eloy-Les-Mines,0,0,0,0,0,0,0,0,2016,0
238,63370,SAINT-JULIEN-PUY-LAVEZE,Dômes Sancy Artense,Saint-Ours,13,9,0,0,0,7,0,0,2016,0
239,63371,SAINT-JUST,Ambert Livradois Forez,Ambert,10,0,0,0,0,0,0,0,2016,0
240,63372,SAINT-LAURE,Riom Limagne et Volcans,Aigueperse,8,0,0,0,0,6,0,0,2016,0
241,63373,SAINT-MAIGNER,Pays de Saint-Eloy,Saint-Eloy-Les-Mines,8,0,0,0,0,0,0,0,2016,0
242,63374,SAINT-MARTIN-DES-OLMES,Ambert Livradois Forez,Ambert,0,0,0,0,0,0,0,0,2016,0
243,63375,SAINT-MARTIN-DES-PLAINS,Agglo Pays d'Issoire,Brassac-les-Mines,0,0,0,0,0,0,0,0,2016,0
244,63376,SAINT-MARTIN-D'OLLIERES,Agglo Pays d'Issoire,Brassac-les-Mines,7,0,0,0,0,0,0,0,2016,0
245,63377,SAINT-MAURICE-PRES-PIONSAT,Pays de Saint-Eloy,Saint-Eloy-Les-Mines,14,10,0,0,0,9,0,0,2016,0
246,63378,SAINT-MAURICE,Mond'Arverne Communauté,Vic-le-Comte,9,8,0,0,0,8,0,0,2016,0
247,63379,SAINT-MYON,Combrailles Sioule et Morge,Saint-Georges de Mons,6,0,0,0,0,0,0,0,2016,0
248,63380,SAINT-NECTAIRE,Massif du Sancy,Le Sancy,24,19,0,0,7,15,0,0,2016,0
249,63381,SAINT-OURS,Riom Limagne et Volcans,Saint-Ours,28,21,7,0,10,15,0,0,2016,0
250,63382,SAINT-PARDOUX,Combrailles Sioule et Morge,Saint-Georges de Mons,8,0,0,0,0,6,0,0,2016,0
251,63383,SAINT-PIERRE-COLAMINE,Massif du Sancy,Le Sancy,8,6,0,0,0,0,0,0,2016,0
252,63384,SAINT-PIERRE-LA-BOURLHONNE,Ambert Livradois Forez,Les Monts du Livradois,0,0,0,0,0,0,0,0,2016,0
253,63385,SAINT-PIERRE-LE-CHASTEL,Chavanon Combrailles et Volcans,Saint-Ours,10,8,0,0,0,6,0,0,2016,0
254,63386,SAINT-PIERRE-ROCHE,Dômes Sancy Artense,Orcines,10,10,0,0,0,6,0,0,2016,0
255,63387,SAINT-PRIEST-BRAMEFANT,Plaine Limagne,Maringues,8,6,0,0,0,0,0,0,2016,0
256,63388,SAINT-PRIEST-DES-CHAMPS,Pays de Saint-Eloy,Saint-Eloy-Les-Mines,28,22,6,0,6,20,0,0,2016,0
257,63389,SAINT-QUENTIN-SUR-SAUXILLANGES,Agglo Pays d'Issoire,Brassac-les-Mines,0,0,0,0,0,0,0,0,2016,0
258,63390,SAINT-QUINTIN-SUR-SIOULE,Combrailles Sioule et Morge,Saint-Georges de Mons,0,0,0,0,0,0,0,0,2016,0
259,63391,SAINT-REMY-DE-BLOT,Combrailles Sioule et Morge,Saint-Georges de Mons,8,6,0,0,0,0,0,0,2016,0
260,63392,SAINT-REMY-DE-CHARGNAT,Agglo Pays d'Issoire,Brassac-les-Mines,10,7,0,0,0,9,0,0,2016,0
261,63393,SAINT-REMY-SUR-DUROLLE,Thiers Dore et Montagne,Thiers,55,41,14,0,14,38,0,0,2016,0
262,63394,SAINT-ROMAIN,Ambert Livradois Forez,Ambert,9,0,0,0,0,0,0,0,2016,0
263,63395,SAINT-SANDOUX,Mond'Arverne Communauté,Orcines,13,8,0,0,0,11,0,0,2016,0
264,63396,SAINT-SATURNIN,Mond'Arverne Communauté,Orcines,17,15,0,0,6,9,0,0,2016,0
265,63397,SAINT-SAUVES-D'AUVERGNE,Dômes Sancy Artense,Le Sancy,40,26,14,0,7,28,0,0,2016,0
266,63398,SAINT-SAUVEUR-LA-SAGNE,Ambert Livradois Forez,Ambert,8,6,0,0,0,0,0,0,2016,0
267,63399,SAINT-SULPICE,Chavanon Combrailles et Volcans,Saint-Ours,0,0,0,0,0,0,0,0,2016,0
268,63400,SAINT-SYLVESTRE-PRAGOULIN,Plaine Limagne,Maringues,29,18,11,0,7,21,0,0,2016,0
269,63401,SAINT-VICTOR-LA-RIVIERE,Massif du Sancy,Le Sancy,0,0,0,0,0,0,0,0,2016,0
270,63402,SAINT-VICTOR-MONTVIANEIX,Thiers Dore et Montagne,Thiers,8,6,0,0,0,7,0,0,2016,0
271,63403,SAINT-VINCENT,Agglo Pays d'Issoire,Le Sancy,9,6,0,0,0,8,0,0,2016,0
272,63404,SAINT-YVOINE,Agglo Pays d'Issoire,Issoire,9,8,0,0,0,6,0,0,2016,0
273,63405,SALLEDES,Mond'Arverne Communauté,Vic-le-Comte,12,6,6,0,0,8,0,0,2016,0
274,63406,SARDON,Plaine Limagne,Aigueperse,0,0,0,0,0,0,0,0,2016,0
275,63407,SAULZET-LE-FROID,Mond'Arverne Communauté,Orcines,10,8,0,0,0,8,0,0,2016,0
276,63408,SAURET-BESSERVE,Pays de Saint-Eloy,Saint-Eloy-Les-Mines,7,6,0,0,0,0,0,0,2016,0
277,63409,SAURIER,Agglo Pays d'Issoire,Le Sancy,6,0,0,0,0,0,0,0,2016,0
278,63410,SAUVAGNAT,Chavanon Combrailles et Volcans,Saint-Ours,0,0,0,0,0,0,0,0,2016,0
279,63411,SAUVAGNAT-SAINTE-MARTHE,Agglo Pays d'Issoire,Vic-le-Comte,7,0,0,0,0,0,0,0,2016,0
280,63412,SAUVESSANGES,Ambert Livradois Forez,Ambert,15,9,6,0,0,12,0,0,2016,0
281,63413,LA SAUVETAT,Mond'Arverne Communauté,Les Martres-de-Veyre,16,13,0,0,7,9,0,0,2016,0
282,63414,SAUVIAT,Thiers Dore et Montagne,Les Monts du Livradois,10,7,0,0,0,7,0,0,2016,0
283,63415,SAUXILLANGES,Agglo Pays d'Issoire,Brassac-les-Mines,28,22,6,0,11,13,0,0,2016,0
284,63416,SAVENNES,Chavanon Combrailles et Volcans,Saint-Ours,0,0,0,0,0,0,0,0,2016,0
285,63417,SAYAT,Riom Limagne et Volcans,Cébazat,45,29,16,0,11,30,0,0,2016,0
286,63418,SERMENTIZON,Thiers Dore et Montagne,Les Monts du Livradois,16,11,0,0,0,11,0,0,2016,0
287,63419,SERVANT,Pays de Saint-Eloy,Saint-Eloy-Les-Mines,22,16,6,0,6,15,0,0,2016,0
288,63420,SEYCHALLES,Entre Dore et Allier,Lezoux,20,13,7,6,0,11,0,0,2016,0
289,63421,SINGLES,Dômes Sancy Artense,Le Sancy,8,0,0,0,0,0,0,0,2016,0
290,63422,SOLIGNAT,Agglo Pays d'Issoire,Le Sancy,13,11,0,0,0,10,0,0,2016,0
291,63423,SUGERES,Agglo Pays d'Issoire,Brassac-les-Mines,13,6,7,0,0,9,0,0,2016,0
292,63424,SURAT,Riom Limagne et Volcans,Aigueperse,15,10,0,0,7,8,0,0,2016,0
293,63425,TALLENDE,Mond'Arverne Communauté,Les Martres-de-Veyre,22,20,0,0,0,15,0,0,2016,0
294,63426,TAUVES,Dômes Sancy Artense,Le Sancy,33,19,14,0,8,21,0,0,2016,0
295,63427,TEILHEDE,Combrailles Sioule et Morge,Saint-Georges de Mons,6,0,0,0,0,0,0,0,2016,0
296,63428,TEILHET,Pays de Saint-Eloy,Saint-Eloy-Les-Mines,9,7,0,0,0,0,0,0,2016,0
297,63429,TERNANT-LES-EAUX,Agglo Pays d'Issoire,Brassac-les-Mines,0,0,0,0,0,0,0,0,2016,0
298,63430,THIERS,Thiers Dore et Montagne,Thiers,381,289,92,44,106,231,0,0,2016,0
299,63431,THIOLIERES,Ambert Livradois Forez,Ambert,10,6,0,0,0,7,0,0,2016,0
300,63432,THURET,Plaine Limagne,Aigueperse,16,14,0,0,0,8,0,0,2016,0
301,63433,TORTEBESSE,Chavanon Combrailles et Volcans,Saint-Ours,0,0,0,0,0,0,0,0,2016,0
302,63434,TOURS-SUR-MEYMONT,Ambert Livradois Forez,Les Monts du Livradois,20,15,0,0,0,13,0,0,2016,0
303,63435,TOURZEL-RONZIERES,Agglo Pays d'Issoire,Le Sancy,7,6,0,0,0,0,0,0,2016,0
304,63436,TRALAIGUES,Chavanon Combrailles et Volcans,Saint-Ours,0,0,0,0,0,0,0,0,2016,0
305,63437,TREMOUILLE-SAINT-LOUP,Dômes Sancy Artense,Le Sancy,0,0,0,0,0,0,0,0,2016,0
306,63438,TREZIOUX,Billom Communauté,Billom,18,11,7,0,0,14,0,0,2016,0
307,63439,USSON,Agglo Pays d'Issoire,Brassac-les-Mines,6,0,0,0,0,0,0,0,2016,0
308,63440,VALBELEIX,Massif du Sancy,Le Sancy,0,0,0,0,0,0,0,0,2016,0
309,63441,VALCIVIERES,Ambert Livradois Forez,Ambert,9,7,0,0,0,0,0,0,2016,0
310,63442,VALZ-SOUS-CHATEAUNEUF,Agglo Pays d'Issoire,Brassac-les-Mines,0,0,0,0,0,0,0,0,2016,0
311,63443,VARENNES-SUR-MORGE,Riom Limagne et Volcans,Aigueperse,8,0,0,0,0,0,0,0,2016,0
312,63444,VARENNES-SUR-USSON,Agglo Pays d'Issoire,Brassac-les-Mines,0,0,0,0,0,0,0,0,2016,0
313,63445,VASSEL,Billom Communauté,Billom,12,8,0,0,0,7,0,0,2016,0
314,63446,VENSAT,Plaine Limagne,Aigueperse,12,7,0,0,0,6,0,0,2016,0
315,63447,VERGHEAS,Pays de Saint-Eloy,Saint-Eloy-Les-Mines,8,6,0,0,0,0,0,0,2016,0
316,63448,VERNET-LA-VARENNE,Agglo Pays d'Issoire,Brassac-les-Mines,13,9,0,0,0,9,0,0,2016,0
317,63449,LE VERNET-SAINTE-MARGUERITE,Massif du Sancy,Orcines,7,7,0,0,0,0,0,0,2016,0
318,63450,VERNEUGHEOL,Chavanon Combrailles et Volcans,Saint-Ours,13,9,0,0,0,9,0,0,2016,0
319,63451,VERNINES,Dômes Sancy Artense,Orcines,8,6,0,0,0,7,0,0,2016,0
320,63452,VERRIERES,Agglo Pays d'Issoire,Le Sancy,0,0,0,0,0,0,0,0,2016,0
321,63453,VERTAIZON,Billom Communauté,Billom,38,29,9,0,13,22,0,0,2016,0
322,63454,VERTOLAYE,Ambert Livradois Forez,Les Monts du Livradois,25,22,0,0,0,18,0,0,2016,0
323,63455,VEYRE-MONTON,Mond'Arverne Communauté,Les Martres-de-Veyre,41,34,7,0,11,30,0,0,2016,0
324,63456,VICHEL,Agglo Pays d'Issoire,Brassac-les-Mines,0,0,0,0,0,0,0,0,2016,0
325,63457,VIC-LE-COMTE,Mond'Arverne Communauté,Vic-le-Comte,98,72,26,7,24,67,0,0,2016,0
326,63458,VILLENEUVE,Agglo Pays d'Issoire,Brassac-les-Mines,0,0,0,0,0,0,0,0,2016,0
327,63459,VILLENEUVE-LES-CERFS,Plaine Limagne,Maringues,7,0,0,0,0,0,0,0,2016,0
328,63460,VILLOSANGES,Chavanon Combrailles et Volcans,Saint-Ours,12,7,0,0,0,8,0,0,2016,0
329,63461,VINZELLES,Entre Dore et Allier,Lezoux,17,12,0,0,0,13,0,0,2016,0
330,63462,VIRLET,Pays de Saint-Eloy,Saint-Eloy-Les-Mines,0,0,0,0,0,0,0,0,2016,0
331,63463,VISCOMTAT,Thiers Dore et Montagne,Thiers,30,24,6,0,7,20,0,0,2016,0
332,63464,VITRAC,Combrailles Sioule et Morge,Saint-Georges de Mons,12,8,0,0,6,6,0,0,2016,0
333,63465,VIVEROLS,Ambert Livradois Forez,Ambert,13,12,0,0,0,9,0,0,2016,0
334,63466,VODABLE,Agglo Pays d'Issoire,Le Sancy,0,0,0,0,0,0,0,0,2016,0
335,63467,VOINGT,Chavanon Combrailles et Volcans,Saint-Ours,0,0,0,0,0,0,0,0,2016,0
336,63468,VOLLORE-MONTAGNE,Thiers Dore et Montagne,Thiers,14,9,0,0,0,8,0,0,2016,0
337,63469,VOLLORE-VILLE,Thiers Dore et Montagne,Les Monts du Livradois,15,9,6,0,0,11,0,0,2016,0
338,63470,VOLVIC,Riom Limagne et Volcans,Châtelguyon,59,45,14,0,17,39,0,0,2016,0
339,63471,YOUX,Pays de Saint-Eloy,Saint-Eloy-Les-Mines,36,26,10,0,7,24,0,0,2016,0
340,63472,YRONDE-ET-BURON,Mond'Arverne Communauté,Vic-le-Comte,19,13,6,0,0,15,0,0,2016,0
341,63473,YSSAC-LA-TOURETTE,Combrailles Sioule et Morge,Saint-Georges de Mons,0,0,0,0,0,0,0,0,2016,0
342,63001,AIGUEPERSE,Plaine Limagne,Aigueperse,51,34,17,7,18,26,0,0,2016,0
343,63002,AIX-LA-FAYETTE,Ambert Livradois Forez,Les Monts du Livradois,0,0,0,0,0,0,0,0,2016,0
344,63003,AMBERT,Ambert Livradois Forez,Ambert,277,214,63,27,80,170,0,0,2016,0
345,63004,LES ANCIZES-COMPS,Combrailles Sioule et Morge,Saint-Georges de Mons,47,31,16,10,15,22,0,0,2016,0
346,63005,ANTOINGT,Agglo Pays d'Issoire,Brassac-les-Mines,8,6,0,0,0,0,0,0,2016,0
347,63006,ANZAT-LE-LUGUET,Agglo Pays d'Issoire,Brassac-les-Mines,14,12,0,0,6,6,0,0,2016,0
348,63007,APCHAT,Agglo Pays d'Issoire,Brassac-les-Mines,6,0,0,0,0,0,0,0,2016,0
349,63008,ARCONSAT,Thiers Dore et Montagne,Thiers,22,16,6,0,6,13,0,0,2016,0
350,63009,ARDES,Agglo Pays d'Issoire,Brassac-les-Mines,29,21,8,0,12,15,0,0,2016,0
351,63010,ARLANC,Ambert Livradois Forez,Ambert,74,49,25,11,17,46,0,0,2016,0
352,63011,ARS-LES-FAVETS,Pays de Saint-Eloy,Saint-Eloy-Les-Mines,14,10,0,0,0,12,0,0,2016,0
353,63012,ARTONNE,Plaine Limagne,Aigueperse,17,10,7,0,0,9,0,0,2016,0
354,63013,AUBIAT,Plaine Limagne,Aigueperse,11,8,0,0,0,6,0,0,2016,0
355,63014,AUBIERE,Clermont Auvergne Métropole,Aubière,212,159,53,19,37,156,0,0,2016,0
356,63015,AUBUSSON-D'AUVERGNE,Thiers Dore et Montagne,Les Monts du Livradois,6,0,0,0,0,0,0,0,2016,0
357,63016,AUGEROLLES,Thiers Dore et Montagne,Les Monts du Livradois,34,27,7,0,8,23,0,0,2016,0
358,63017,AUGNAT,Agglo Pays d'Issoire,Brassac-les-Mines,0,0,0,0,0,0,0,0,2016,0
359,63019,AULNAT,Clermont Auvergne Métropole,Gerzat,92,60,32,0,42,45,0,0,2016,0
360,63020,AURIERES,Dômes Sancy Artense,Orcines,7,0,0,0,0,0,0,0,2016,0
361,63021,AUTHEZAT,Mond'Arverne Communauté,Les Martres-de-Veyre,16,9,7,0,6,8,0,0,2016,0
362,63022,AUZAT-LA-COMBELLE,Agglo Pays d'Issoire,Brassac-les-Mines,80,54,26,8,19,53,0,0,2016,0
363,63023,AUZELLES,Ambert Livradois Forez,Les Monts du Livradois,13,10,0,0,0,10,0,0,2016,0
364,63024,AVEZE,Dômes Sancy Artense,Le Sancy,12,9,0,0,0,8,0,0,2016,0
365,63025,AYAT-SUR-SIOULE,Pays de Saint-Eloy,Saint-Eloy-Les-Mines,6,0,0,0,0,0,0,0,2016,0
366,63026,AYDAT,Mond'Arverne Communauté,Orcines,33,25,8,0,6,23,0,0,2016,0
367,63027,BAFFIE,Ambert Livradois Forez,Ambert,0,0,0,0,0,0,0,0,2016,0
368,63028,BAGNOLS,Dômes Sancy Artense,Le Sancy,28,20,8,0,7,20,0,0,2016,0
369,63029,BANSAT,Agglo Pays d'Issoire,Brassac-les-Mines,0,0,0,0,0,0,0,0,2016,0
370,63030,BAS-ET-LEZAT,Plaine Limagne,Maringues,7,6,0,0,0,0,0,0,2016,0
371,63031,BEAULIEU,Agglo Pays d'Issoire,Brassac-les-Mines,13,10,0,0,0,7,0,0,2016,0
372,63032,BEAUMONT,Clermont Auvergne Métropole,Beaumont,211,155,56,14,51,146,0,0,2016,0
373,63033,BEAUMONT-LES-RANDAN,Plaine Limagne,Maringues,7,0,0,0,0,6,0,0,2016,0
374,63034,BEAUREGARD-L'EVEQUE,Billom Communauté,Billom,19,13,6,0,0,14,0,0,2016,0
375,63035,BEAUREGARD-VENDON,Combrailles Sioule et Morge,Saint-Georges de Mons,19,16,0,0,0,14,0,0,2016,0
376,63036,BERGONNE,Agglo Pays d'Issoire,Brassac-les-Mines,6,0,0,0,0,0,0,0,2016,0
377,63037,BERTIGNAT,Ambert Livradois Forez,Les Monts du Livradois,21,16,0,0,0,16,0,0,2016,0
378,63038,BESSE-ET-SAINT-ANASTAISE,Massif du Sancy,Le Sancy,51,39,12,0,13,33,0,0,2016,0
379,63039,BEURIERES,Ambert Livradois Forez,Ambert,7,0,0,0,0,0,0,0,2016,0
380,63040,BILLOM,Billom Communauté,Billom,109,81,28,17,33,59,0,0,2016,0
381,63041,BIOLLET,Pays de Saint-Eloy,Saint-Eloy-Les-Mines,17,10,7,0,0,12,0,0,2016,0
382,63042,BLANZAT,Clermont Auvergne Métropole,Cébazat,58,39,19,14,22,22,0,0,2016,0
383,63043,BLOT-L'EGLISE,Combrailles Sioule et Morge,Saint-Georges de Mons,13,10,0,0,0,10,0,0,2016,0
384,63044,BONGHEAT,Billom Communauté,Billom,8,0,0,0,0,6,0,0,2016,0
385,63045,BORT-L'ETANG,Entre Dore et Allier,Lezoux,10,8,0,0,0,6,0,0,2016,0
386,63046,BOUDES,Agglo Pays d'Issoire,Brassac-les-Mines,6,0,0,0,0,0,0,0,2016,0
387,63047,LA BOURBOULE,Massif du Sancy,Le Sancy,67,54,13,10,17,40,0,0,2016,0
388,63048,BOURG-LASTIC,Chavanon Combrailles et Volcans,Saint-Ours,38,28,10,0,12,23,0,0,2016,0
389,63049,BOUZEL,Billom Communauté,Billom,9,6,0,0,0,0,0,0,2016,0
390,63050,BRASSAC-LES-MINES,Agglo Pays d'Issoire,Brassac-les-Mines,124,92,32,18,29,77,0,0,2016,0
391,63051,BRENAT,Agglo Pays d'Issoire,Issoire,12,10,0,0,0,11,0,0,2016,0
392,63052,LE BREUIL-SUR-COUZE,Agglo Pays d'Issoire,Brassac-les-Mines,26,16,10,0,7,15,0,0,2016,0
393,63053,BRIFFONS,Chavanon Combrailles et Volcans,Saint-Ours,14,9,0,0,7,7,0,0,2016,0
394,63054,LE BROC,Agglo Pays d'Issoire,Issoire,16,11,0,0,6,8,0,0,2016,0
395,63055,BROMONT-LAMOTHE,Chavanon Combrailles et Volcans,Saint-Ours,27,19,8,7,9,11,0,0,2016,0
396,63056,BROUSSE,Ambert Livradois Forez,Les Monts du Livradois,10,7,0,0,0,0,0,0,2016,0
397,63057,LE BRUGERON,Ambert Livradois Forez,Les Monts du Livradois,16,12,0,0,0,10,0,0,2016,0
398,63058,BULHON,Entre Dore et Allier,Lezoux,8,0,0,0,0,6,0,0,2016,0
399,63059,BUSSEOL,Mond'Arverne Communauté,Vic-le-Comte,0,0,0,0,0,0,0,0,2016,0
400,63060,BUSSIERES,Pays de Saint-Eloy,Saint-Eloy-Les-Mines,0,0,0,0,0,0,0,0,2016,0
401,63061,BUSSIERES-ET-PRUNS,Plaine Limagne,Aigueperse,10,7,0,0,0,7,0,0,2016,0
402,63062,BUXIERES-SOUS-MONTAIGUT,Pays de Saint-Eloy,Saint-Eloy-Les-Mines,0,0,0,0,0,0,0,0,2016,0
403,63063,CEBAZAT,Clermont Auvergne Métropole,Cébazat,170,121,49,23,50,97,0,0,2016,0
404,63064,LA CELLE,Chavanon Combrailles et Volcans,Saint-Ours,0,0,0,0,0,0,0,0,2016,0
405,63065,CEILLOUX,Ambert Livradois Forez,Les Monts du Livradois,8,0,0,0,0,0,0,0,2016,0
406,63066,CELLES-SUR-DUROLLE,Thiers Dore et Montagne,Thiers,60,45,15,0,11,44,0,0,2016,0
407,63067,LA CELLETTE,Pays de Saint-Eloy,Saint-Eloy-Les-Mines,0,0,0,0,0,0,0,0,2016,0
408,63069,LE CENDRE,Clermont Auvergne Métropole,Cournon,86,68,18,11,24,51,0,0,2016,0
409,63070,CEYRAT,Clermont Auvergne Métropole,Beaumont,110,79,31,12,24,74,0,0,2016,0
410,63071,CEYSSAT,Dômes Sancy Artense,Orcines,12,7,0,0,0,9,0,0,2016,0
411,63072,CHABRELOCHE,Thiers Dore et Montagne,Thiers,57,47,10,0,17,35,0,0,2016,0
412,63073,CHADELEUF,Agglo Pays d'Issoire,Vic-le-Comte,11,8,0,0,0,0,0,0,2016,0
413,63074,CHALUS,Agglo Pays d'Issoire,Brassac-les-Mines,0,0,0,0,0,0,0,0,2016,0
414,63075,CHAMALIERES,Clermont Auvergne Métropole,Chamalières,471,377,94,38,85,348,0,0,2016,0
415,63076,CHAMBON-SUR-DOLORE,Ambert Livradois Forez,Les Monts du Livradois,8,7,0,0,6,0,0,0,2016,0
416,63077,CHAMBON-SUR-LAC,Massif du Sancy,Le Sancy,10,8,0,0,0,0,0,0,2016,0
417,63078,CHAMEANE,Agglo Pays d'Issoire,Brassac-les-Mines,6,0,0,0,0,0,0,0,2016,0
418,63079,CHAMPAGNAT-LE-JEUNE,Agglo Pays d'Issoire,Brassac-les-Mines,0,0,0,0,0,0,0,0,2016,0
419,63080,CHAMPEIX,Agglo Pays d'Issoire,Le Sancy,25,20,0,0,7,16,0,0,2016,0
420,63081,CHAMPETIERES,Ambert Livradois Forez,Ambert,9,8,0,0,0,7,0,0,2016,0
421,63082,CHAMPS,Combrailles Sioule et Morge,Saint-Georges de Mons,7,0,0,0,0,0,0,0,2016,0
422,63083,CHANAT-LA-MOUTEYRE,Riom Limagne et Volcans,Orcines,9,7,0,0,0,6,0,0,2016,0
423,63084,CHANONAT,Mond'Arverne Communauté,Les Martres-de-Veyre,21,17,0,0,0,14,0,0,2016,0
424,63085,CHAPDES-BEAUFORT,Chavanon Combrailles et Volcans,Saint-Ours,21,16,0,0,7,11,0,0,2016,0
425,63086,LA CHAPELLE-AGNON,Ambert Livradois Forez,Les Monts du Livradois,13,12,0,0,0,8,0,0,2016,0
426,63087,LA CHAPELLE-MARCOUSSE,Agglo Pays d'Issoire,Brassac-les-Mines,0,0,0,0,0,0,0,0,2016,0
427,63088,LA CHAPELLE-SUR-USSON,Agglo Pays d'Issoire,Brassac-les-Mines,0,0,0,0,0,0,0,0,2016,0
428,63089,CHAPPES,Riom Limagne et Volcans,Aigueperse,22,14,8,0,9,11,0,0,2016,0
429,63090,CHAPTUZAT,Plaine Limagne,Aigueperse,8,8,0,0,0,0,0,0,2016,0
430,63091,CHARBONNIER-LES-MINES,Agglo Pays d'Issoire,Brassac-les-Mines,26,18,8,0,6,18,0,0,2016,0
431,63092,CHARBONNIERES-LES-VARENNES,Riom Limagne et Volcans,Saint-Ours,27,22,0,0,6,19,0,0,2016,0
432,63093,CHARBONNIERES-LES-VIEILLES,Combrailles Sioule et Morge,Saint-Georges de Mons,29,17,12,0,8,16,0,0,2016,0
433,63094,CHARENSAT,Pays de Saint-Eloy,Saint-Eloy-Les-Mines,19,15,0,0,0,14,0,0,2016,0
434,63095,CHARNAT,Thiers Dore et Montagne,Maringues,12,7,0,0,0,6,0,0,2016,0
435,63096,CHAS,Billom Communauté,Billom,0,0,0,0,0,0,0,0,2016,0
436,63097,CHASSAGNE,Agglo Pays d'Issoire,Brassac-les-Mines,0,0,0,0,0,0,0,0,2016,0
437,63098,CHASTREIX,Massif du Sancy,Le Sancy,10,0,0,0,0,8,0,0,2016,0
438,63099,CHATEAUGAY,Clermont Auvergne Métropole,Châtelguyon,50,35,15,0,15,32,0,0,2016,0
439,63100,CHATEAUNEUF-LES-BAINS,Combrailles Sioule et Morge,Saint-Eloy-Les-Mines,16,10,6,0,0,12,0,0,2016,0
440,63101,CHATEAU-SUR-CHER,Pays de Saint-Eloy,Saint-Eloy-Les-Mines,9,0,0,0,0,6,0,0,2016,0
441,63102,CHATELDON,Thiers Dore et Montagne,Maringues,27,19,8,0,10,13,0,0,2016,0
442,63103,CHATELGUYON,Riom Limagne et Volcans,Châtelguyon,120,89,31,11,28,81,0,0,2016,0
443,63104,LA CHAULME,Ambert Livradois Forez,Ambert,0,0,0,0,0,0,0,0,2016,0
444,63105,CHAUMONT-LE-BOURG,Ambert Livradois Forez,Ambert,6,0,0,0,0,0,0,0,2016,0
445,63106,CHAURIAT,Billom Communauté,Billom,15,9,6,0,0,9,0,0,2016,0
446,63107,CHAVAROUX,Riom Limagne et Volcans,Aigueperse,7,6,0,0,0,0,0,0,2016,0
447,63108,LE CHEIX,Riom Limagne et Volcans,Riom,0,0,0,0,0,0,0,0,2016,0
448,63109,CHIDRAC,Agglo Pays d'Issoire,Le Sancy,8,6,0,0,0,0,0,0,2016,0
449,63110,CISTERNES-LA-FORET,Chavanon Combrailles et Volcans,Saint-Ours,18,10,8,0,11,0,0,0,2016,0
450,63111,CLEMENSAT,Agglo Pays d'Issoire,Le Sancy,0,0,0,0,0,0,0,0,2016,0
451,63112,CLERLANDE,Riom Limagne et Volcans,Aigueperse,0,0,0,0,0,0,0,0,2016,0
452,63113,CLERMONT-FERRAND,Clermont Auvergne Métropole,Pseudo-Canton de Clermont-Ferrand,2700,2090,610,367,622,1710,0,0,2016,0
453,63114,COLLANGES,Agglo Pays d'Issoire,Brassac-les-Mines,0,0,0,0,0,0,0,0,2016,0
454,63115,COMBRAILLES,Chavanon Combrailles et Volcans,Saint-Ours,8,0,0,0,0,0,0,0,2016,0
455,63116,COMBRONDE,Combrailles Sioule et Morge,Saint-Georges de Mons,48,28,20,0,13,32,0,0,2016,0
456,63117,COMPAINS,Massif du Sancy,Le Sancy,0,0,0,0,0,0,0,0,2016,0
457,63118,CONDAT-EN-COMBRAILLE,Chavanon Combrailles et Volcans,Saint-Ours,24,15,9,0,0,17,0,0,2016,0
458,63119,CONDAT-LES-MONTBOISSIER,Ambert Livradois Forez,Les Monts du Livradois,11,9,0,0,0,0,0,0,2016,0
459,63120,CORENT,Mond'Arverne Communauté,Les Martres-de-Veyre,0,0,0,0,0,0,0,0,2016,0
460,63121,COUDES,Agglo Pays d'Issoire,Vic-le-Comte,29,22,7,0,0,21,0,0,2016,0
461,63122,COURGOUL,Agglo Pays d'Issoire,Le Sancy,0,0,0,0,0,0,0,0,2016,0
462,63123,COURNOLS,Mond'Arverne Communauté,Orcines,9,0,0,0,0,6,0,0,2016,0
463,63124,COURNON-D'AUVERGNE,Clermont Auvergne Métropole,Cournon,382,278,104,40,114,228,0,0,2016,0
464,63125,COURPIERE,Thiers Dore et Montagne,Les Monts du Livradois,147,108,39,20,40,87,0,0,2016,0
465,63126,LE CREST,Mond'Arverne Communauté,Les Martres-de-Veyre,25,19,6,0,6,18,0,0,2016,0
466,63127,CRESTE,Agglo Pays d'Issoire,Le Sancy,0,0,0,0,0,0,0,0,2016,0
467,63128,CREVANT-LAVEINE,Entre Dore et Allier,Lezoux,17,11,6,0,0,10,0,0,2016,0
